{"id":"ce55d701-9109-11ef-870c-0242ac150006","name":"ChoosedProposal","key":"ChoosedProposal","description":"","editorJson":{"name":"ChoosedProposal","key":"ChoosedProposal","version":0,"fields":[{"fieldType":"FormField","id":"form_status","name":"Status","type":"text","value":null,"required":false,"readOnly":true,"overrideId":true,"placeholder":null,"layout":null},{"fieldType":"FormField","id":"form_selectionStrategy","name":"Selection strategy","type":"text","value":null,"required":false,"readOnly":true,"overrideId":true,"placeholder":null,"layout":null},{"fieldType":"FormField","id":"form_selectedProposal","name":"Selected Proposal","type":"multi-line-text","value":null,"required":false,"readOnly":true,"overrideId":true,"placeholder":null,"layout":null}],"outcomes":[]}}