{"id":"ce57d2d2-9109-11ef-870c-0242ac150006","name":"CollectedProposals","key":"CollectedProposals","description":"","editorJson":{"name":"CollectedProposals","key":"CollectedProposals","version":0,"fields":[{"fieldType":"FormField","id":"form_proposal1","name":"Proposal 1","type":"multi-line-text","value":null,"required":false,"readOnly":true,"overrideId":true,"placeholder":null,"layout":null},{"fieldType":"FormField","id":"form_proposal2","name":"Proposal 2","type":"multi-line-text","value":null,"required":false,"readOnly":true,"overrideId":true,"placeholder":null,"layout":null},{"fieldType":"FormField","id":"form_proposal3","name":"Proposal 3","type":"multi-line-text","value":null,"required":false,"readOnly":true,"overrideId":true,"placeholder":null,"layout":null},{"fieldType":"FormField","id":"form_proposal4","name":"Proposal 4","type":"multi-line-text","value":null,"required":false,"readOnly":true,"overrideId":true,"placeholder":null,"layout":null},{"fieldType":"FormField","id":"form_proposal5","name":"Proposal 5","type":"multi-line-text","value":null,"required":false,"readOnly":true,"overrideId":true,"placeholder":null,"layout":null},{"fieldType":"FormField","id":"form_proposal6","name":"Proposal 6","type":"multi-line-text","value":null,"required":false,"readOnly":true,"overrideId":true,"placeholder":null,"layout":null},{"fieldType":"FormField","id":"form_proposal7","name":"Proposal 7","type":"multi-line-text","value":null,"required":false,"readOnly":true,"overrideId":true,"placeholder":null,"layout":null},{"fieldType":"FormField","id":"form_proposal8","name":"Proposal 8","type":"multi-line-text","value":null,"required":false,"readOnly":true,"overrideId":true,"placeholder":null,"layout":null},{"fieldType":"FormField","id":"form_proposal9","name":"Proposal 9","type":"multi-line-text","value":null,"required":false,"readOnly":true,"overrideId":true,"placeholder":null,"layout":null},{"fieldType":"FormField","id":"form_proposal10","name":"Proposal 10","type":"multi-line-text","value":null,"required":false,"readOnly":true,"overrideId":true,"placeholder":null,"layout":null}],"outcomes":[]}}