{"id":"ce58e443-9109-11ef-870c-0242ac150006","name":"I40_message","key":"I40_message","description":"","editorJson":{"name":"I40_message","key":"I40_message","version":0,"fields":[{"fieldType":"FormField","id":"interactionelements","name":"Interaction Elements","type":"headline-with-line","value":null,"required":false,"readOnly":false,"overrideId":false,"placeholder":null,"layout":null},{"fieldType":"FormField","id":"form_interactionElements_SubmodelReferences","name":"Submodel References","type":"multi-line-text","value":null,"required":false,"readOnly":true,"overrideId":true,"placeholder":null,"layout":null},{"fieldType":"FormField","id":"form_interactionElements_DataElements","name":"Data Elements","type":"multi-line-text","value":null,"required":false,"readOnly":true,"overrideId":true,"placeholder":null,"layout":null},{"fieldType":"FormField","id":"messageheader","name":"Message Header","type":"headline-with-line","value":null,"required":false,"readOnly":false,"overrideId":false,"placeholder":null,"layout":null},{"fieldType":"FormField","id":"form_type","name":"Type","type":"text","value":null,"required":false,"readOnly":true,"overrideId":true,"placeholder":null,"layout":null},{"fieldType":"FormField","id":"form_sender","name":"Sender","type":"text","value":null,"required":false,"readOnly":true,"overrideId":true,"placeholder":null,"layout":null},{"fieldType":"FormField","id":"form_receiver","name":"Receiver","type":"text","value":null,"required":false,"readOnly":true,"overrideId":true,"placeholder":null,"layout":null},{"fieldType":"FormField","id":"form_semanticProtocol","name":"Semantic Protocol","type":"text","value":null,"required":false,"readOnly":true,"overrideId":true,"placeholder":null,"layout":null},{"fieldType":"FormField","id":"form_role","name":"Role for Protocol","type":"text","value":null,"required":false,"readOnly":true,"overrideId":true,"placeholder":null,"layout":null},{"fieldType":"FormField","id":"form_conversationId","name":"Conversation ID","type":"text","value":null,"required":false,"readOnly":true,"overrideId":true,"placeholder":null,"layout":null},{"fieldType":"FormField","id":"form_messageId","name":"Message ID","type":"text","value":null,"required":false,"readOnly":true,"overrideId":true,"placeholder":null,"layout":null},{"fieldType":"FormField","id":"form_replyTo","name":"Reply To","type":"text","value":null,"required":false,"readOnly":true,"overrideId":true,"placeholder":null,"layout":null},{"fieldType":"FormField","id":"form_replyBy","name":"Reply By","type":"text","value":null,"required":false,"readOnly":true,"overrideId":true,"placeholder":null,"layout":null}],"outcomes":[]}}