{"id":"ce59f5b4-9109-11ef-870c-0242ac150006","name":"MessageReceiverList","key":"MessageReceiverList","description":"","editorJson":{"name":"MessageReceiverList","key":"MessageReceiverList","version":0,"fields":[{"fieldType":"FormField","id":"listofreceivers","name":"List of Receivers","type":"headline-with-line","value":null,"required":false,"readOnly":false,"overrideId":false,"placeholder":null,"layout":null},{"fieldType":"FormField","id":"form_receiverAdress_1","name":"Receiver 1","type":"multi-line-text","value":null,"required":false,"readOnly":true,"overrideId":true,"placeholder":null,"layout":null},{"fieldType":"FormField","id":"form_receiverAdress_2","name":"Receiver 2","type":"multi-line-text","value":null,"required":false,"readOnly":true,"overrideId":true,"placeholder":null,"layout":null},{"fieldType":"FormField","id":"form_receiverAdress_3","name":"Receiver 3","type":"multi-line-text","value":null,"required":false,"readOnly":true,"overrideId":true,"placeholder":null,"layout":null},{"fieldType":"FormField","id":"form_receiverAdress_4","name":"Receiver 4","type":"multi-line-text","value":null,"required":false,"readOnly":true,"overrideId":true,"placeholder":null,"layout":null},{"fieldType":"FormField","id":"form_receiverAdress_5","name":"Receiver 5","type":"multi-line-text","value":null,"required":false,"readOnly":true,"overrideId":true,"placeholder":null,"layout":null},{"fieldType":"FormField","id":"form_receiverAdress_6","name":"Receiver 6","type":"multi-line-text","value":null,"required":false,"readOnly":true,"overrideId":true,"placeholder":null,"layout":null},{"fieldType":"FormField","id":"form_receiverAdress_7","name":"Receiver 7","type":"multi-line-text","value":null,"required":false,"readOnly":true,"overrideId":true,"placeholder":null,"layout":null},{"fieldType":"FormField","id":"form_receiverAdress_8","name":"Receiver 8","type":"multi-line-text","value":null,"required":false,"readOnly":true,"overrideId":true,"placeholder":null,"layout":null},{"fieldType":"FormField","id":"form_receiverAdress_9","name":"Receiver 9","type":"multi-line-text","value":null,"required":false,"readOnly":true,"overrideId":true,"placeholder":null,"layout":null},{"fieldType":"FormField","id":"form_receiverAdress_10","name":"Receiver 10","type":"multi-line-text","value":null,"required":false,"readOnly":true,"overrideId":true,"placeholder":null,"layout":null},{"fieldType":"FormField","id":"form_receiverAdress_11","name":"Receiver 11","type":"multi-line-text","value":null,"required":false,"readOnly":true,"overrideId":true,"placeholder":null,"layout":null},{"fieldType":"FormField","id":"form_receiverAdress_12","name":"Receiver 12","type":"multi-line-text","value":null,"required":false,"readOnly":true,"overrideId":true,"placeholder":null,"layout":null}],"outcomes":[]}}